url,instagram,twitter,youtube,facebook,discord,reddit,tiktok,vk,spotify,linktr,website,email
https://www.twitch.tv/galaxyracerdxb,https://www.instagram.com/galaxyracerdxb/,https://twitter.com/galaxyracerdxb,,https://www.facebook.com/galaxyraceresports,,,,,,,,
https://www.twitch.tv/dantes,https://www.instagram.com/doaenel/?hl=en,https://twitter.com/doaenel,https://www.youtube.com/channel/UCcIKDdClybN7AWT4OHcMWzQ/videos,,,,,,,,,doaenel@gmail.com
https://www.twitch.tv/holyjckimjack,,,https://www.youtube.com/c/Holyfckimjack,,,,,,,,,holyjckbusiness@gmail.com
https://www.twitch.tv/hitsquadgodfather,,https://twitter.com/SteamGodfather,,,,,,,,,,thegodfather@itzagud.com
https://www.twitch.tv/kyootboss,https://instagram.com/kyootbot,,https://youtube.com/c/kyootbot,,,,https://tiktok.com/@kyootbot,,,,,
https://www.twitch.tv/jasontheweenie,,,,,,,,,,,,
https://www.twitch.tv/wajeeho3,https://www.instagram.com/wajeeho2/,https://twitter.com/Wajeeho2,https://www.youtube.com/c/Wajeeho2/videos,,,,,,,https://linktr.ee/wajeeho2,,
https://www.twitch.tv/emilshe1n,https://www.instagram.com/emilshe1noff/,https://twitter.com/EmilShe1n,,,,,,,,,,emilshe1n.sponsorship@gmail.com
https://www.twitch.tv/a_big_koko,,,,,,,,,,,,hunger.nl@gmail.com
https://www.twitch.tv/gmjx,,https://twitter.com/GMJX00,https://www.youtube.com/@GMJX?sub_confirmation=1,,,,,,,,,
https://www.twitch.tv/maaarleeea,,,,,,,,,,,,
https://www.twitch.tv/kmbestms,,,,,https://discord.gg/3WNGYHp3kn,,,,,,,
https://www.twitch.tv/zendrara,,,,,,,,,,,,
https://www.twitch.tv/thechessbae,,,,,,,,,,,,
https://www.twitch.tv/madskillzztv,,,,,,,,,,,,
https://www.twitch.tv/jacksarkisian,,,,,,,,,,,,
https://www.twitch.tv/djmany,https://instagram.com/DJMany,https://twitter.com/DJMany,,,,,,,,,,
https://www.twitch.tv/mistert615,https://www.instagram.com/tino_dinero,,https://www.youtube.com/@Mistert615,,https://discord.gg/TmDyPHBzHu,,https://www.tiktok.com/@mistert615,,,,,
https://www.twitch.tv/bernstonetv_twitch,,,,,,,,,,,,
https://www.twitch.tv/hgm_sky,,,,,,,,,,,,
https://www.twitch.tv/mvdin,,https://twitter.com/Mvdin_TTV,https://www.youtube.com/mvdin,,,,,,,,,madinttv@gmail.com
https://www.twitch.tv/zgougou13,https://www.instagram.com/omarmallek2/,,,,https://discord.gg/qTJRgC4nqJ,,https://www.tiktok.com/@omarmallek69,,,,,omar.mallek97@gmail.com
https://www.twitch.tv/kaicentre,,,,,,,,,,,,
https://www.twitch.tv/thinnd,https://instagram.com/thinnd,https://twitter.com/thinnd,https://youtube.com/thinnd,,,,https://www.tiktok.com/@thinnd,,,,,
https://www.twitch.tv/thechessnerdlive,https://www.instagram.com/thechessnerd/,https://twitter.com/thechessnerd,https://www.youtube.com/channel/UCiEgruTJIBdmH7oRmC6EMoA,,,,https://www.tiktok.com/@thechessnerd?lang=en,,,,,
https://www.twitch.tv/wakandafitness,,,,,,,,,,,,
https://www.twitch.tv/jxminetea,https://www.instagram.com/jxminetea/,https://twitter.com/jxminetea,https://www.youtube.com/channel/UCQfVdO92WeyoENm98A66f4Q/featured,,,,,,,,,
https://www.twitch.tv/fmjohncurtischess,,,https://www.youtube.com/channel/UCZhV20DfLqBymOLKBPJN49Q,,,,,,,,,
https://www.twitch.tv/alwaystayunique_live,,,,,,,,,,,,
https://www.twitch.tv/truedatog,,,,,,,,,,,,
https://www.twitch.tv/bchenn,,https://twitter.com/bryanchen,https://www.youtube.com/c/bchenN,,https://discord.gg/fYNxSdAkuG,,,,,,,
https://www.twitch.tv/krakenlatte,,https://twitter.com/KrakenLatte,http://www.youtube.com/c/KrakenLatte,,,,,,,,,
https://www.twitch.tv/genedictb,,,,,,,,,,,,
https://www.twitch.tv/mysticlxl,https://www.instagram.com/mysticlxl/,https://twitter.com/Mysticlxl,https://www.youtube.com/channel/UCjy3S7N7X_qVPBacfzky9PA,,,,,,,,,
https://www.twitch.tv/suppycolleen,https://www.instagram.com/supcolleen/,,,,,,,,,https://linktr.ee/suppycolleen,,
https://www.twitch.tv/okaymage,https://www.instagram.com/okaymage/,https://twitter.com/okaymage,https://www.youtube.com/@Okaymage,,https://discord.gg/q57pAmJmf3,,,,,https://linktr.ee/Okaymage,,
https://www.twitch.tv/kittyshady,,,,,,,,,,,,
https://www.twitch.tv/sixtysevenradio,,https://twitter.com/sixtysevenradio,https://www.youtube.com/c/sixtysevenradio,,,,,,https://open.spotify.com/playlist/0U7TnsY3xNeMtHYT5aOr6s?si=f69a552fdde748f2,,https://sixtysevenradio.com/,
https://www.twitch.tv/nediavr,,,,,,,,,,,,
https://www.twitch.tv/ji_nius,https://www.instagram.com/ji_jinius,,https://www.youtube.com/channel/UCY-RnMDdD00e5uIMIt9pwJA,,https://discord.gg/BEjd757FqK,,,,,,,jinius.business@gmail.com
https://www.twitch.tv/maj0rgglive,https://www.instagram.com/maj0rgg/,https://twitter.com/maj0rgg,,,,,,,,,,maj0rgglive@gmail.com
https://www.twitch.tv/welobk,,,,,,,,,,,,
https://www.twitch.tv/speros_,,,,,,,,,,,,
https://www.twitch.tv/mistressmordasmr,,,,,,,,,,,,
https://www.twitch.tv/patprozyy,,,,,,,,,,,,
https://www.twitch.tv/indiagutierdj,https://www.instagram.com/indiagutier.dj/,,https://www.youtube.com/channel/UC91MxKhq2Dyg6orHmw7d8Pg,,https://discord.gg/ttFXRPCQeM,,,,https://open.spotify.com/user/jv8m3l1g6o6dphgdczubg8h78,,,
https://www.twitch.tv/tom165fpz,,,,,,,,,,,,
https://www.twitch.tv/1xfrazx1,,,,,,,,,,,,
https://www.twitch.tv/andreszed,,https://twitter.com/AndreszedWR,,,,,,,,,,
https://www.twitch.tv/retrolongplay,,,https://www.youtube.com/c/RetroLongplay,,,,,,,,,
https://www.twitch.tv/veritasdh,,https://twitter.com/veritasdh,https://www.youtube.com/veritasdh,,https://discord.gg/h5jrbgDMp6,,,,,https://linktr.ee/veritasdh,,
https://www.twitch.tv/lordmc_trades,,https://twitter.com/LordMC_trades,https://www.youtube.com/channel/UCn0PzLlyDtkeKco4aiyxlVg,,,,,,,,,
https://www.twitch.tv/franktactics,,https://twitter.com/FrankTacticz,https://www.youtube.com/franktastic,,,,,,,,,
https://www.twitch.tv/professorxpop,,https://twitter.com/Professorxpop,,,,,https://www.tiktok.com/@professorxpop?q=&is_copy_url=1&is_from_webapp=v1&lang=en,,,,,
https://www.twitch.tv/dez805,,https://twitter.com/Dez805_,https://www.youtube.com/channel/UCvypLPZ2nU6U5Zs0KfPFKwA,,,,https://www.tiktok.com/@dez_madden,,,,,
https://www.twitch.tv/stuffbysunshine,https://www.instagram.com/stuffbysunshine,,,,,,,,,https://linktr.ee/stuffbysunshine,,
https://www.twitch.tv/ship,https://www.instagram.com/shipstreaming/,https://twitter.com/ShipStreaming,https://www.youtube.com/channel/UC6moWYelGHRTjGqm7rVheJw?view_as=subscriber,,,,https://www.tiktok.com/@shipstreaming,,,,,hristian@generationsportsgroup.com
https://www.twitch.tv/stormchaserreedtimmer,,,https://www.youtube.com/watch?v=9TutaPlO_Vc,,,,,,,https://linktr.ee/reedtimmer,,
https://www.twitch.tv/navcan,https://www.instagram.com/navcanlol/,https://twitter.com/navcanlol,https://www.youtube.com/user/Navcans,,,,https://www.tiktok.com/@navcanlol,,,,,
https://www.twitch.tv/emoussy,,https://twitter.com/moussyy_,https://www.youtube.com/@emoussy,,https://discord.gg/fcd8Hk9h3k,,,,,,,
https://www.twitch.tv/coluge_,,,,,,,,,,,,
https://www.twitch.tv/manthieus,,,https://www.youtube.com/channel/UCZQEdLGGqUQ2_AmmousOO2Q/,,https://discord.gg/DAAFwmvtzp,,,,,,,
https://www.twitch.tv/chompixgaming,https://instagram.com/Chompix,,https://youtube.com/@Chompix,https://facebook.com/ChompixGaming,https://discord.gg/fD82JBBarP,,,,,,,aming@gmail.com
https://www.twitch.tv/sh0rtyde,,https://twitter.com/sh0rtyde,,,,,,,,,,
https://www.twitch.tv/nyrolol,,,,,,,,,,,,
https://www.twitch.tv/guba,https://www.instagram.com/gubadgyal/?hl=en,https://twitter.com/gubadgyal,https://www.youtube.com/channel/UC6CgKqfea0ANh7VSwJh9Wzg,,https://discord.gg/62PbDf6gdH,,https://www.tiktok.com/@gubatft,,,,,gubalive@gmail.com
